<?xml version="1.0" encoding="UTF-8"?>
<GenRun Id="synth_5" LaunchPart="xc7z030fbg676-1" LaunchTime="1671258796">
  <File Type="PA-TCL" Name="Datapath.tcl"/>
  <File Type="RDS-PROPCONSTRS" Name="Datapath_drc_synth.rpt"/>
  <File Type="REPORTS-TCL" Name="Datapath_reports.tcl"/>
  <File Type="RDS-RDS" Name="Datapath.vds"/>
  <File Type="RDS-UTIL" Name="Datapath_utilization_synth.rpt"/>
  <File Type="RDS-UTIL-PB" Name="Datapath_utilization_synth.pb"/>
  <File Type="RDS-DCP" Name="Datapath.dcp"/>
  <File Type="VDS-TIMINGSUMMARY" Name="Datapath_timing_summary_synth.rpt"/>
  <File Type="VDS-TIMING-PB" Name="Datapath_timing_summary_synth.pb"/>
  <FileSet Name="sources" Type="DesignSrcs" RelSrcDir="$PSRCDIR/sources_1">
    <Filter Type="Srcs"/>
    <File Path="$PSRCDIR/sources_1/new/ALU.v">
      <FileInfo>
        <Attr Name="ImportPath" Val="$PPRDIR/../Lab5_Datapath/Lab5_Datapath.srcs/sources_1/new/ALU.v"/>
        <Attr Name="ImportTime" Val="1670189471"/>
        <Attr Name="UsedIn" Val="synthesis"/>
        <Attr Name="UsedIn" Val="implementation"/>
        <Attr Name="UsedIn" Val="simulation"/>
      </FileInfo>
    </File>
    <File Path="$PSRCDIR/sources_1/new/PC.v">
      <FileInfo>
        <Attr Name="ImportPath" Val="$PPRDIR/../project_1/project_1.srcs/sources_1/new/PC.v"/>
        <Attr Name="ImportTime" Val="1668404295"/>
        <Attr Name="UsedIn" Val="synthesis"/>
        <Attr Name="UsedIn" Val="implementation"/>
        <Attr Name="UsedIn" Val="simulation"/>
      </FileInfo>
    </File>
    <File Path="$PSRCDIR/sources_1/new/WBMux.v">
      <FileInfo>
        <Attr Name="ImportPath" Val="$PPRDIR/../Lab5_Datapath/Lab5_Datapath.srcs/sources_1/new/WBMux.v"/>
        <Attr Name="ImportTime" Val="1670184826"/>
        <Attr Name="UsedIn" Val="synthesis"/>
        <Attr Name="UsedIn" Val="implementation"/>
        <Attr Name="UsedIn" Val="simulation"/>
      </FileInfo>
    </File>
    <File Path="$PSRCDIR/sources_1/new/aluMux.v">
      <FileInfo>
        <Attr Name="ImportPath" Val="$PPRDIR/../Lab5_Datapath/Lab5_Datapath.srcs/sources_1/new/aluMux.v"/>
        <Attr Name="ImportTime" Val="1669003660"/>
        <Attr Name="UsedIn" Val="synthesis"/>
        <Attr Name="UsedIn" Val="implementation"/>
        <Attr Name="UsedIn" Val="simulation"/>
      </FileInfo>
    </File>
    <File Path="$PSRCDIR/sources_1/new/controlUnit.v">
      <FileInfo>
        <Attr Name="ImportPath" Val="$PPRDIR/../project_1/project_1.srcs/sources_1/new/controlUnit.v"/>
        <Attr Name="ImportTime" Val="1668404214"/>
        <Attr Name="UsedIn" Val="synthesis"/>
        <Attr Name="UsedIn" Val="implementation"/>
        <Attr Name="UsedIn" Val="simulation"/>
      </FileInfo>
    </File>
    <File Path="$PSRCDIR/sources_1/new/dataMemory.v">
      <FileInfo>
        <Attr Name="ImportPath" Val="$PPRDIR/../Lab5_Datapath/Lab5_Datapath.srcs/sources_1/new/dataMemory.v"/>
        <Attr Name="ImportTime" Val="1670464924"/>
        <Attr Name="UsedIn" Val="synthesis"/>
        <Attr Name="UsedIn" Val="implementation"/>
        <Attr Name="UsedIn" Val="simulation"/>
      </FileInfo>
    </File>
    <File Path="$PSRCDIR/sources_1/new/exeMemPipelineReg.v">
      <FileInfo>
        <Attr Name="ImportPath" Val="$PPRDIR/../Lab5_Datapath/Lab5_Datapath.srcs/sources_1/new/exeMemPipelineReg.v"/>
        <Attr Name="ImportTime" Val="1669004834"/>
        <Attr Name="UsedIn" Val="synthesis"/>
        <Attr Name="UsedIn" Val="implementation"/>
        <Attr Name="UsedIn" Val="simulation"/>
      </FileInfo>
    </File>
    <File Path="$PSRCDIR/sources_1/new/idexePipelinereg.v">
      <FileInfo>
        <Attr Name="ImportPath" Val="$PPRDIR/../project_1/project_1.srcs/sources_1/new/idexePipelinereg.v"/>
        <Attr Name="ImportTime" Val="1668404247"/>
        <Attr Name="UsedIn" Val="synthesis"/>
        <Attr Name="UsedIn" Val="implementation"/>
        <Attr Name="UsedIn" Val="simulation"/>
      </FileInfo>
    </File>
    <File Path="$PSRCDIR/sources_1/new/ifidPipelineReg.v">
      <FileInfo>
        <Attr Name="ImportPath" Val="$PPRDIR/../project_1/project_1.srcs/sources_1/new/ifidPipelineReg.v"/>
        <Attr Name="ImportTime" Val="1668404241"/>
        <Attr Name="UsedIn" Val="synthesis"/>
        <Attr Name="UsedIn" Val="implementation"/>
        <Attr Name="UsedIn" Val="simulation"/>
      </FileInfo>
    </File>
    <File Path="$PSRCDIR/sources_1/new/immExtender.v">
      <FileInfo>
        <Attr Name="ImportPath" Val="$PPRDIR/../project_1/project_1.srcs/sources_1/new/immExtender.v"/>
        <Attr Name="ImportTime" Val="1668404198"/>
        <Attr Name="UsedIn" Val="synthesis"/>
        <Attr Name="UsedIn" Val="implementation"/>
        <Attr Name="UsedIn" Val="simulation"/>
      </FileInfo>
    </File>
    <File Path="$PSRCDIR/sources_1/new/insMem.v">
      <FileInfo>
        <Attr Name="ImportPath" Val="$PPRDIR/../project_1/project_1.srcs/sources_1/new/insMem.v"/>
        <Attr Name="ImportTime" Val="1668404294"/>
        <Attr Name="UsedIn" Val="synthesis"/>
        <Attr Name="UsedIn" Val="implementation"/>
        <Attr Name="UsedIn" Val="simulation"/>
      </FileInfo>
    </File>
    <File Path="$PSRCDIR/sources_1/new/memWBPipelineReg.v">
      <FileInfo>
        <Attr Name="ImportPath" Val="$PPRDIR/../Lab5_Datapath/Lab5_Datapath.srcs/sources_1/new/memWBPipelineReg.v"/>
        <Attr Name="ImportTime" Val="1669006602"/>
        <Attr Name="UsedIn" Val="synthesis"/>
        <Attr Name="UsedIn" Val="implementation"/>
        <Attr Name="UsedIn" Val="simulation"/>
      </FileInfo>
    </File>
    <File Path="$PSRCDIR/sources_1/new/mux.v">
      <FileInfo>
        <Attr Name="ImportPath" Val="$PPRDIR/../project_1/project_1.srcs/sources_1/new/mux.v"/>
        <Attr Name="ImportTime" Val="1668404107"/>
        <Attr Name="UsedIn" Val="synthesis"/>
        <Attr Name="UsedIn" Val="implementation"/>
        <Attr Name="UsedIn" Val="simulation"/>
      </FileInfo>
    </File>
    <File Path="$PSRCDIR/sources_1/new/mux4.v">
      <FileInfo>
        <Attr Name="UsedIn" Val="synthesis"/>
        <Attr Name="UsedIn" Val="implementation"/>
        <Attr Name="UsedIn" Val="simulation"/>
      </FileInfo>
    </File>
    <File Path="$PSRCDIR/sources_1/new/pcAdder.v">
      <FileInfo>
        <Attr Name="ImportPath" Val="$PPRDIR/../project_1/project_1.srcs/sources_1/new/pcAdder.v"/>
        <Attr Name="ImportTime" Val="1668404320"/>
        <Attr Name="UsedIn" Val="synthesis"/>
        <Attr Name="UsedIn" Val="implementation"/>
        <Attr Name="UsedIn" Val="simulation"/>
      </FileInfo>
    </File>
    <File Path="$PSRCDIR/sources_1/new/registerFile.v">
      <FileInfo>
        <Attr Name="ImportPath" Val="$PPRDIR/../project_1/project_1.srcs/sources_1/new/registerFile.v"/>
        <Attr Name="ImportTime" Val="1668404193"/>
        <Attr Name="UsedIn" Val="synthesis"/>
        <Attr Name="UsedIn" Val="implementation"/>
        <Attr Name="UsedIn" Val="simulation"/>
      </FileInfo>
    </File>
    <File Path="$PSRCDIR/sources_1/new/DataPath.v">
      <FileInfo>
        <Attr Name="ImportPath" Val="$PPRDIR/../Lab5_Datapath/Lab5_Datapath.srcs/sources_1/new/DataPath.v"/>
        <Attr Name="ImportTime" Val="1670468766"/>
        <Attr Name="UsedIn" Val="synthesis"/>
        <Attr Name="UsedIn" Val="implementation"/>
        <Attr Name="UsedIn" Val="simulation"/>
      </FileInfo>
    </File>
    <Config>
      <Option Name="DesignMode" Val="RTL"/>
      <Option Name="TopModule" Val="Datapath"/>
    </Config>
  </FileSet>
  <FileSet Name="constrs_in" Type="Constrs" RelSrcDir="$PSRCDIR/constrs_1">
    <Filter Type="Constrs"/>
    <Config>
      <Option Name="ConstrsType" Val="XDC"/>
    </Config>
  </FileSet>
  <FileSet Name="utils" Type="Utils" RelSrcDir="$PSRCDIR/utils_1">
    <Filter Type="Utils"/>
    <Config>
      <Option Name="TopAutoSet" Val="TRUE"/>
    </Config>
  </FileSet>
  <Strategy Version="1" Minor="2">
    <StratHandle Name="Vivado Synthesis Defaults" Flow="Vivado Synthesis 2019"/>
    <Step Id="synth_design"/>
  </Strategy>
</GenRun>
