<?xml version="1.0" encoding="UTF-8"?>
<GenRun Id="impl_1" LaunchPart="xc7z030fbg676-1" LaunchTime="1671258796">
  <File Type="BITSTR-BMM" Name="Datapath_bd.bmm"/>
  <File Type="OPT-METHODOLOGY-DRC" Name="Datapath_methodology_drc_opted.rpt"/>
  <File Type="INIT-TIMING" Name="Datapath_timing_summary_init.rpt"/>
  <File Type="ROUTE-PWR" Name="Datapath_power_routed.rpt"/>
  <File Type="PA-TCL" Name="Datapath.tcl"/>
  <File Type="OPT-TIMING" Name="Datapath_timing_summary_opted.rpt"/>
  <File Type="OPT-DCP" Name="Datapath_opt.dcp"/>
  <File Type="ROUTE-PWR-SUM" Name="Datapath_power_summary_routed.pb"/>
  <File Type="REPORTS-TCL" Name="Datapath_reports.tcl"/>
  <File Type="OPT-DRC" Name="Datapath_drc_opted.rpt"/>
  <File Type="OPT-HWDEF" Name="Datapath.hwdef"/>
  <File Type="PWROPT-DCP" Name="Datapath_pwropt.dcp"/>
  <File Type="PWROPT-DRC" Name="Datapath_drc_pwropted.rpt"/>
  <File Type="PWROPT-TIMING" Name="Datapath_timing_summary_pwropted.rpt"/>
  <File Type="PLACE-DCP" Name="Datapath_placed.dcp"/>
  <File Type="PLACE-IO" Name="Datapath_io_placed.rpt"/>
  <File Type="PLACE-CLK" Name="Datapath_clock_utilization_placed.rpt"/>
  <File Type="PLACE-UTIL" Name="Datapath_utilization_placed.rpt"/>
  <File Type="PLACE-UTIL-PB" Name="Datapath_utilization_placed.pb"/>
  <File Type="PLACE-CTRL" Name="Datapath_control_sets_placed.rpt"/>
  <File Type="PLACE-SIMILARITY" Name="Datapath_incremental_reuse_placed.rpt"/>
  <File Type="PLACE-PRE-SIMILARITY" Name="Datapath_incremental_reuse_pre_placed.rpt"/>
  <File Type="BG-BGN" Name="Datapath.bgn"/>
  <File Type="PLACE-TIMING" Name="Datapath_timing_summary_placed.rpt"/>
  <File Type="POSTPLACE-PWROPT-DCP" Name="Datapath_postplace_pwropt.dcp"/>
  <File Type="BG-BIN" Name="Datapath.bin"/>
  <File Type="POSTPLACE-PWROPT-TIMING" Name="Datapath_timing_summary_postplace_pwropted.rpt"/>
  <File Type="PHYSOPT-DCP" Name="Datapath_physopt.dcp"/>
  <File Type="PHYSOPT-DRC" Name="Datapath_drc_physopted.rpt"/>
  <File Type="BITSTR-MSK" Name="Datapath.msk"/>
  <File Type="PHYSOPT-TIMING" Name="Datapath_timing_summary_physopted.rpt"/>
  <File Type="ROUTE-ERROR-DCP" Name="Datapath_routed_error.dcp"/>
  <File Type="ROUTE-DCP" Name="Datapath_routed.dcp"/>
  <File Type="ROUTE-BLACKBOX-DCP" Name="Datapath_routed_bb.dcp"/>
  <File Type="ROUTE-DRC" Name="Datapath_drc_routed.rpt"/>
  <File Type="ROUTE-DRC-PB" Name="Datapath_drc_routed.pb"/>
  <File Type="BITSTR-LTX" Name="debug_nets.ltx"/>
  <File Type="BITSTR-LTX" Name="Datapath.ltx"/>
  <File Type="ROUTE-DRC-RPX" Name="Datapath_drc_routed.rpx"/>
  <File Type="BITSTR-MMI" Name="Datapath.mmi"/>
  <File Type="ROUTE-METHODOLOGY-DRC" Name="Datapath_methodology_drc_routed.rpt"/>
  <File Type="ROUTE-METHODOLOGY-DRC-RPX" Name="Datapath_methodology_drc_routed.rpx"/>
  <File Type="BITSTR-SYSDEF" Name="Datapath.sysdef"/>
  <File Type="ROUTE-METHODOLOGY-DRC-PB" Name="Datapath_methodology_drc_routed.pb"/>
  <File Type="ROUTE-PWR-RPX" Name="Datapath_power_routed.rpx"/>
  <File Type="ROUTE-STATUS" Name="Datapath_route_status.rpt"/>
  <File Type="ROUTE-STATUS-PB" Name="Datapath_route_status.pb"/>
  <File Type="ROUTE-TIMINGSUMMARY" Name="Datapath_timing_summary_routed.rpt"/>
  <File Type="ROUTE-TIMING-PB" Name="Datapath_timing_summary_routed.pb"/>
  <File Type="ROUTE-TIMING-RPX" Name="Datapath_timing_summary_routed.rpx"/>
  <File Type="ROUTE-SIMILARITY" Name="Datapath_incremental_reuse_routed.rpt"/>
  <File Type="ROUTE-CLK" Name="Datapath_clock_utilization_routed.rpt"/>
  <File Type="ROUTE-BUS-SKEW" Name="Datapath_bus_skew_routed.rpt"/>
  <File Type="ROUTE-BUS-SKEW-PB" Name="Datapath_bus_skew_routed.pb"/>
  <File Type="ROUTE-BUS-SKEW-RPX" Name="Datapath_bus_skew_routed.rpx"/>
  <File Type="POSTROUTE-PHYSOPT-DCP" Name="Datapath_postroute_physopt.dcp"/>
  <File Type="POSTROUTE-PHYSOPT-BLACKBOX-DCP" Name="Datapath_postroute_physopt_bb.dcp"/>
  <File Type="POSTROUTE-PHYSOPT-TIMING" Name="Datapath_timing_summary_postroute_physopted.rpt"/>
  <File Type="POSTROUTE-PHYSOPT-TIMING-PB" Name="Datapath_timing_summary_postroute_physopted.pb"/>
  <File Type="POSTROUTE-PHYSOPT-TIMING-RPX" Name="Datapath_timing_summary_postroute_physopted.rpx"/>
  <File Type="POSTROUTE-PHYSOPT-BUS-SKEW" Name="Datapath_bus_skew_postroute_physopted.rpt"/>
  <File Type="POSTROUTE-PHYSOPT-BUS-SKEW-PB" Name="Datapath_bus_skew_postroute_physopted.pb"/>
  <File Type="BG-BIT" Name="Datapath.bit"/>
  <File Type="POSTROUTE-PHYSOPT-BUS-SKEW-RPX" Name="Datapath_bus_skew_postroute_physopted.rpx"/>
  <File Type="BITSTR-RBT" Name="Datapath.rbt"/>
  <File Type="BITSTR-NKY" Name="Datapath.nky"/>
  <File Type="BG-DRC" Name="Datapath.drc"/>
  <File Type="RDI-RDI" Name="Datapath.vdi"/>
  <File Type="WBT-USG" Name="usage_statistics_webtalk.html"/>
  <FileSet Name="sources" Type="DesignSrcs" RelSrcDir="$PSRCDIR/sources_1">
    <Filter Type="Srcs"/>
    <File Path="$PSRCDIR/sources_1/new/ALU.v">
      <FileInfo>
        <Attr Name="ImportPath" Val="$PPRDIR/../Lab5_Datapath/Lab5_Datapath.srcs/sources_1/new/ALU.v"/>
        <Attr Name="ImportTime" Val="1670189471"/>
        <Attr Name="UsedIn" Val="synthesis"/>
        <Attr Name="UsedIn" Val="implementation"/>
        <Attr Name="UsedIn" Val="simulation"/>
      </FileInfo>
    </File>
    <File Path="$PSRCDIR/sources_1/new/PC.v">
      <FileInfo>
        <Attr Name="ImportPath" Val="$PPRDIR/../project_1/project_1.srcs/sources_1/new/PC.v"/>
        <Attr Name="ImportTime" Val="1668404295"/>
        <Attr Name="UsedIn" Val="synthesis"/>
        <Attr Name="UsedIn" Val="implementation"/>
        <Attr Name="UsedIn" Val="simulation"/>
      </FileInfo>
    </File>
    <File Path="$PSRCDIR/sources_1/new/WBMux.v">
      <FileInfo>
        <Attr Name="ImportPath" Val="$PPRDIR/../Lab5_Datapath/Lab5_Datapath.srcs/sources_1/new/WBMux.v"/>
        <Attr Name="ImportTime" Val="1670184826"/>
        <Attr Name="UsedIn" Val="synthesis"/>
        <Attr Name="UsedIn" Val="implementation"/>
        <Attr Name="UsedIn" Val="simulation"/>
      </FileInfo>
    </File>
    <File Path="$PSRCDIR/sources_1/new/aluMux.v">
      <FileInfo>
        <Attr Name="ImportPath" Val="$PPRDIR/../Lab5_Datapath/Lab5_Datapath.srcs/sources_1/new/aluMux.v"/>
        <Attr Name="ImportTime" Val="1669003660"/>
        <Attr Name="UsedIn" Val="synthesis"/>
        <Attr Name="UsedIn" Val="implementation"/>
        <Attr Name="UsedIn" Val="simulation"/>
      </FileInfo>
    </File>
    <File Path="$PSRCDIR/sources_1/new/controlUnit.v">
      <FileInfo>
        <Attr Name="ImportPath" Val="$PPRDIR/../project_1/project_1.srcs/sources_1/new/controlUnit.v"/>
        <Attr Name="ImportTime" Val="1668404214"/>
        <Attr Name="UsedIn" Val="synthesis"/>
        <Attr Name="UsedIn" Val="implementation"/>
        <Attr Name="UsedIn" Val="simulation"/>
      </FileInfo>
    </File>
    <File Path="$PSRCDIR/sources_1/new/dataMemory.v">
      <FileInfo>
        <Attr Name="ImportPath" Val="$PPRDIR/../Lab5_Datapath/Lab5_Datapath.srcs/sources_1/new/dataMemory.v"/>
        <Attr Name="ImportTime" Val="1670464924"/>
        <Attr Name="UsedIn" Val="synthesis"/>
        <Attr Name="UsedIn" Val="implementation"/>
        <Attr Name="UsedIn" Val="simulation"/>
      </FileInfo>
    </File>
    <File Path="$PSRCDIR/sources_1/new/exeMemPipelineReg.v">
      <FileInfo>
        <Attr Name="ImportPath" Val="$PPRDIR/../Lab5_Datapath/Lab5_Datapath.srcs/sources_1/new/exeMemPipelineReg.v"/>
        <Attr Name="ImportTime" Val="1669004834"/>
        <Attr Name="UsedIn" Val="synthesis"/>
        <Attr Name="UsedIn" Val="implementation"/>
        <Attr Name="UsedIn" Val="simulation"/>
      </FileInfo>
    </File>
    <File Path="$PSRCDIR/sources_1/new/idexePipelinereg.v">
      <FileInfo>
        <Attr Name="ImportPath" Val="$PPRDIR/../project_1/project_1.srcs/sources_1/new/idexePipelinereg.v"/>
        <Attr Name="ImportTime" Val="1668404247"/>
        <Attr Name="UsedIn" Val="synthesis"/>
        <Attr Name="UsedIn" Val="implementation"/>
        <Attr Name="UsedIn" Val="simulation"/>
      </FileInfo>
    </File>
    <File Path="$PSRCDIR/sources_1/new/ifidPipelineReg.v">
      <FileInfo>
        <Attr Name="ImportPath" Val="$PPRDIR/../project_1/project_1.srcs/sources_1/new/ifidPipelineReg.v"/>
        <Attr Name="ImportTime" Val="1668404241"/>
        <Attr Name="UsedIn" Val="synthesis"/>
        <Attr Name="UsedIn" Val="implementation"/>
        <Attr Name="UsedIn" Val="simulation"/>
      </FileInfo>
    </File>
    <File Path="$PSRCDIR/sources_1/new/immExtender.v">
      <FileInfo>
        <Attr Name="ImportPath" Val="$PPRDIR/../project_1/project_1.srcs/sources_1/new/immExtender.v"/>
        <Attr Name="ImportTime" Val="1668404198"/>
        <Attr Name="UsedIn" Val="synthesis"/>
        <Attr Name="UsedIn" Val="implementation"/>
        <Attr Name="UsedIn" Val="simulation"/>
      </FileInfo>
    </File>
    <File Path="$PSRCDIR/sources_1/new/insMem.v">
      <FileInfo>
        <Attr Name="ImportPath" Val="$PPRDIR/../project_1/project_1.srcs/sources_1/new/insMem.v"/>
        <Attr Name="ImportTime" Val="1668404294"/>
        <Attr Name="UsedIn" Val="synthesis"/>
        <Attr Name="UsedIn" Val="implementation"/>
        <Attr Name="UsedIn" Val="simulation"/>
      </FileInfo>
    </File>
    <File Path="$PSRCDIR/sources_1/new/memWBPipelineReg.v">
      <FileInfo>
        <Attr Name="ImportPath" Val="$PPRDIR/../Lab5_Datapath/Lab5_Datapath.srcs/sources_1/new/memWBPipelineReg.v"/>
        <Attr Name="ImportTime" Val="1669006602"/>
        <Attr Name="UsedIn" Val="synthesis"/>
        <Attr Name="UsedIn" Val="implementation"/>
        <Attr Name="UsedIn" Val="simulation"/>
      </FileInfo>
    </File>
    <File Path="$PSRCDIR/sources_1/new/mux.v">
      <FileInfo>
        <Attr Name="ImportPath" Val="$PPRDIR/../project_1/project_1.srcs/sources_1/new/mux.v"/>
        <Attr Name="ImportTime" Val="1668404107"/>
        <Attr Name="UsedIn" Val="synthesis"/>
        <Attr Name="UsedIn" Val="implementation"/>
        <Attr Name="UsedIn" Val="simulation"/>
      </FileInfo>
    </File>
    <File Path="$PSRCDIR/sources_1/new/mux4.v">
      <FileInfo>
        <Attr Name="UsedIn" Val="synthesis"/>
        <Attr Name="UsedIn" Val="implementation"/>
        <Attr Name="UsedIn" Val="simulation"/>
      </FileInfo>
    </File>
    <File Path="$PSRCDIR/sources_1/new/pcAdder.v">
      <FileInfo>
        <Attr Name="ImportPath" Val="$PPRDIR/../project_1/project_1.srcs/sources_1/new/pcAdder.v"/>
        <Attr Name="ImportTime" Val="1668404320"/>
        <Attr Name="UsedIn" Val="synthesis"/>
        <Attr Name="UsedIn" Val="implementation"/>
        <Attr Name="UsedIn" Val="simulation"/>
      </FileInfo>
    </File>
    <File Path="$PSRCDIR/sources_1/new/registerFile.v">
      <FileInfo>
        <Attr Name="ImportPath" Val="$PPRDIR/../project_1/project_1.srcs/sources_1/new/registerFile.v"/>
        <Attr Name="ImportTime" Val="1668404193"/>
        <Attr Name="UsedIn" Val="synthesis"/>
        <Attr Name="UsedIn" Val="implementation"/>
        <Attr Name="UsedIn" Val="simulation"/>
      </FileInfo>
    </File>
    <File Path="$PSRCDIR/sources_1/new/DataPath.v">
      <FileInfo>
        <Attr Name="ImportPath" Val="$PPRDIR/../Lab5_Datapath/Lab5_Datapath.srcs/sources_1/new/DataPath.v"/>
        <Attr Name="ImportTime" Val="1670468766"/>
        <Attr Name="UsedIn" Val="synthesis"/>
        <Attr Name="UsedIn" Val="implementation"/>
        <Attr Name="UsedIn" Val="simulation"/>
      </FileInfo>
    </File>
    <Config>
      <Option Name="DesignMode" Val="RTL"/>
      <Option Name="TopModule" Val="Datapath"/>
    </Config>
  </FileSet>
  <FileSet Name="constrs_in" Type="Constrs" RelSrcDir="$PSRCDIR/constrs_1">
    <Filter Type="Constrs"/>
    <Config>
      <Option Name="ConstrsType" Val="XDC"/>
    </Config>
  </FileSet>
  <FileSet Name="utils" Type="Utils" RelSrcDir="$PSRCDIR/utils_1">
    <Filter Type="Utils"/>
    <Config>
      <Option Name="TopAutoSet" Val="TRUE"/>
    </Config>
  </FileSet>
  <Strategy Version="1" Minor="2">
    <StratHandle Name="Vivado Implementation Defaults" Flow="Vivado Implementation 2019"/>
    <Step Id="init_design"/>
    <Step Id="opt_design"/>
    <Step Id="power_opt_design"/>
    <Step Id="place_design"/>
    <Step Id="post_place_power_opt_design"/>
    <Step Id="phys_opt_design"/>
    <Step Id="route_design"/>
    <Step Id="post_route_phys_opt_design"/>
    <Step Id="write_bitstream"/>
  </Strategy>
</GenRun>
